{
  "project_info": {
    "project_number": "587373129136",
    "project_id": "lap9database",
    "storage_bucket": "lap9database.appspot.com"
  },
  "client": [
    {
      "client_info": {
        "mobilesdk_app_id": "1:587373129136:android:2b7d453e89a0fe31b17a75",
        "android_client_info": {
          "package_name": "com.example.lap9"
        }
      },
      "oauth_client": [
        {
          "client_id": "587373129136-ufedvu0gg7ss7om8kt2mmnvsjh65r52c.apps.googleusercontent.com",
          "client_type": 3
        }
      ],
      "api_key": [
        {
          "current_key": "AIzaSyDEzpFAqVsqXeYIh35ObKZj3_zgGZvFEiQ"
        }
      ],
      "services": {
        "appinvite_service": {
          "other_platform_oauth_client": [
            {
              "client_id": "587373129136-ufedvu0gg7ss7om8kt2mmnvsjh65r52c.apps.googleusercontent.com",
              "client_type": 3
            }
          ]
        }
      }
    }
  ],
  "configuration_version": "1"
}